Id,class_0,class_1
00eed32682bb,0.9934009423945099,0.006599057605490089
010ebe33f668,0.9934009423945099,0.006599057605490089
02fa521e1838,0.9934009423945099,0.006599057605490089
040e15f562a2,0.9934009423945099,0.006599057605490089
046e85c7cc7f,0.9934009423945099,0.006599057605490089
