Id,class_0,class_1
00eed32682bb,0.811656507240808,0.18834349275919202
010ebe33f668,0.811656507240808,0.18834349275919202
02fa521e1838,0.811656507240808,0.18834349275919202
040e15f562a2,0.811656507240808,0.18834349275919202
046e85c7cc7f,0.811656507240808,0.18834349275919202
