Id,class_0,class_1
00eed32682bb,0.9505311047864827,0.04946889521351741
010ebe33f668,0.9505311047864827,0.04946889521351741
02fa521e1838,0.9505311047864827,0.04946889521351741
040e15f562a2,0.9505311047864827,0.04946889521351741
046e85c7cc7f,0.9505311047864827,0.04946889521351741
