Id,class_0,class_1
00eed32682bb,0.9461949532527615,0.05380504674723851
010ebe33f668,0.9461949532527615,0.05380504674723851
02fa521e1838,0.9461949532527615,0.05380504674723851
040e15f562a2,0.9461949532527615,0.05380504674723851
046e85c7cc7f,0.9461949532527615,0.05380504674723851
